Participant, Proportion, BaseSize, Setting, RT
1,0.25,4,1.2589,7.2113
1,0.25,4,1.5521,10.1301
1,0.25,4,0.50119,2.2287
1,0.25,4,1.4274,10.6162
1,0.5,4,3.1623,3.7914
1,0.5,4,1.6184,12.1793
1,0.5,4,2.565,8.8729
1,0.5,4,3.1623,5.3872
1,0.71,4,2.789,6.1237
1,0.71,4,4.4203,5.0183
1,0.71,4,4.0653,4.1295
1,0.71,4,3.8986,4.1615
1,1,4,3.2975,2.4145
1,1,4,5.9255,3.9551
1,1,4,3.0326,4.0336
1,1,4,3.7388,4.8119
1,1.41,4,6.443,3.5283
1,1.41,4,5.6826,8.1641
1,1.41,4,3.2975,2.4308
1,1.41,4,3.5855,4.5291
1,2,4,7.3053,3.7742
1,2,4,4.4203,1.6009
1,2,4,9.7928,4.832
1,2,4,3.1623,1.7939
1,4,4,7.6176,5.1342
1,4,4,3.8986,3.1182
1,4,4,9.7928,5.9948
1,4,4,4.4203,2.2069
1,0.25,4,2.2623,4.008
1,0.25,4,1.0212,4.6311
1,0.25,4,1.6876,1.8588
1,0.25,4,1.0212,1.2484
1,0.5,4,3.2975,4.6482
1,0.5,4,2.2623,1.6301
1,0.5,4,1.3689,3.3626
1,0.5,4,2.6747,2.7657
1,0.71,4,3.7388,1.0215
1,0.71,4,2.359,2.685
1,0.71,4,4.6093,4.0093
1,0.71,4,2.9083,2.2339
1,1,4,3.5855,3.1539
1,1,4,2.9083,3.4672
1,1,4,3.5855,4.081
1,1,4,5.9255,4.238
1,1.41,4,3.5855,3.4684
1,1.41,4,5.4496,3.5882
1,1.41,4,4.0653,3.0445
1,1.41,4,5.9255,3.4306
1,2,4,3.5855,2.7118
1,2,4,3.8986,4.5433
1,2,4,8.2829,5.3028
1,2,4,5.9255,2.9464
1,4,4,5.9255,1.5486
1,4,4,6.7185,4.0964
1,4,4,3.8986,3.7958
1,4,4,9.3913,2.7473
1,0.25,8,2.789,3.5991
1,0.25,8,1.9135,4.864
1,0.25,8,2.2623,5.1104
1,0.25,8,1.9953,5.8334
1,0.5,8,2.9083,2.8102
1,0.5,8,3.4385,3.9145
1,0.5,8,5.6826,5.6877
1,0.5,8,2.789,3.594
1,0.71,8,5.2261,1.4304
1,0.71,8,2.789,4.4583
1,0.71,8,4.0653,3.0027
1,0.71,8,5.9255,5.4669
1,1,8,4.4203,1.0091
1,1,8,4.6093,0.95525
1,1,8,5.6826,4.1963
1,1,8,5.9255,0.91196
1,1.41,8,2.789,2.738
1,1.41,8,2.9083,2.5956
1,1.41,8,5.4496,3.5144
1,1.41,8,3.0326,1.2079
1,2,8,6.1789,5.1587
1,2,8,3.2975,3.118
1,2,8,5.6826,1.9322
1,2,8,5.0119,0.96261
1,4,8,3.5855,2.1559
1,4,8,5.4496,7.4491
1,4,8,3.5855,3.5858
1,4,8,6.7185,6.5979
1,0.25,8,2.789,6.8302
1,0.25,8,1.9135,4.3175
1,0.25,8,1.9135,3.6524
1,0.25,8,1.0648,1.8131
1,0.5,8,2.2623,4.0932
1,0.5,8,4.4203,3.93
1,0.5,8,3.4385,3.3429
1,0.5,8,2.6747,3.1238
1,0.71,8,3.0326,4.2039
1,0.71,8,3.4385,2.8466
1,0.71,8,3.8986,5.1959
1,0.71,8,2.6747,4.1593
1,1,8,3.8986,2.9261
1,1,8,3.7388,4.146
1,1,8,3.2975,3.3069
1,1,8,3.5855,4.2068
1,1.41,8,3.4385,3.0966
1,1.41,8,6.1789,4.1663
1,1.41,8,3.1623,1.9602
1,1.41,8,5.9255,4.8391
1,2,8,5.4496,3.2903
1,2,8,3.5855,2.8675
1,2,8,2.789,2.7767
1,2,8,4.6093,8.4241
1,4,8,6.7185,1.5777
1,4,8,4.8064,3.4676
1,4,8,3.8986,2.5842
1,4,8,3.0326,10.1807
2,0.25,4,2.1695,6.0236
2,0.25,4,3.2975,4.2599
2,0.25,4,3.0326,5.2801
2,0.25,4,3.4385,7.898
2,0.5,4,3.5855,2.1117
2,0.5,4,3.1623,2.4506
2,0.5,4,3.4385,7.1062
2,0.5,4,4.0653,4.1028
2,0.71,4,4.2391,7.3378
2,0.71,4,3.7388,3.8732
2,0.71,4,3.7388,6.3428
2,0.71,4,5.0119,5.856
2,1,4,4.2391,4.8212
2,1,4,4.8064,4.3475
2,1,4,4.0653,3.7554
2,1,4,4.0653,6.4048
2,1.41,4,5.4496,8.6311
2,1.41,4,4.4203,4.4401
2,1.41,4,3.5855,4.8556
2,1.41,4,4.4203,4.3432
2,2,4,5.2261,7.0898
2,2,4,4.6093,2.1293
2,2,4,4.0653,7.7889
2,2,4,3.5855,3.3402
2,4,4,5.2261,7.9332
2,4,4,4.4203,4.1829
2,4,4,3.8986,6.0442
2,4,4,4.8064,3.9505
2,0.25,4,3.7388,4.4873
2,0.25,4,3.4385,5.2371
2,0.25,4,4.4203,4.0085
2,0.25,4,2.6747,6.3803
2,0.5,4,2.9083,3.9719
2,0.5,4,3.4385,2.8465
2,0.5,4,3.2975,5.2683
2,0.5,4,3.4385,4.5076
2,0.71,4,4.2391,1.9884
2,0.71,4,2.9083,2.259
2,0.71,4,3.8986,4.137
2,0.71,4,5.2261,3.7041
2,1,4,4.0653,3.6157
2,1,4,3.0326,3.3646
2,1,4,3.4385,3.7302
2,1,4,4.2391,3.3109
2,1.41,4,3.4385,3.0131
2,1.41,4,4.8064,3.8131
2,1.41,4,3.4385,3.9952
2,1.41,4,3.8986,4.9973
2,2,4,3.5855,3.8628
2,2,4,3.0326,4.045
2,2,4,4.2391,4.5328
2,2,4,3.8986,3.8616
2,4,4,3.5855,2.6673
2,4,4,4.0653,3.7596
2,4,4,3.8986,4.5576
2,4,4,2.2623,6.0949
2,0.25,8,3.1623,3.7835
2,0.25,8,4.0653,5.6849
2,0.25,8,3.1623,5.3438
2,0.25,8,2.9083,6.5626
2,0.5,8,3.5855,4.2148
2,0.5,8,3.5855,5.1153
2,0.5,8,2.1695,6.935
2,0.5,8,2.789,4.4727
2,0.71,8,4.8064,2.9609
2,0.71,8,4.2391,3.3881
2,0.71,8,3.8986,1.7767
2,0.71,8,3.5855,5.308
2,1,8,4.4203,1.3658
2,1,8,4.6093,2.2137
2,1,8,4.4203,5.4328
2,1,8,3.7388,3.9561
2,1.41,8,3.0326,4.044
2,1.41,8,3.2975,3.2563
2,1.41,8,3.1623,6.3786
2,1.41,8,3.4385,3.0304
2,2,8,4.2391,6.0007
2,2,8,4.4203,2.8332
2,2,8,3.5855,2.3676
2,2,8,4.4203,2.3833
2,4,8,3.7388,4.5212
2,4,8,4.0653,5.4977
2,4,8,4.6093,4.2725
2,4,8,3.4385,6.8364
2,0.25,8,3.4385,4.8814
2,0.25,8,3.0326,4.6033
2,0.25,8,2.789,2.9405
2,0.25,8,2.789,3.6057
2,0.5,8,4.8064,1.8171
2,0.5,8,3.5855,5.7429
2,0.5,8,3.4385,3.7826
2,0.5,8,3.0326,3.2567
2,0.71,8,3.2975,4.4946
2,0.71,8,5.0119,4.9282
2,0.71,8,4.0653,5.2632
2,0.71,8,4.0653,2.1477
2,1,8,3.0326,3.2496
2,1,8,2.4599,2.6314
2,1,8,3.7388,2.2791
2,1,8,3.7388,3.0502
2,1.41,8,3.4385,2.9526
2,1.41,8,3.8986,3.4551
2,1.41,8,3.1623,1.4587
2,1.41,8,3.2975,4.3066
2,2,8,4.4203,4.1296
2,2,8,2.789,2.9239
2,2,8,2.6747,4.2161
2,2,8,3.5855,3.0978
2,4,8,3.8986,2.6496
2,4,8,3.1623,3.9305
2,4,8,4.6093,2.713
2,4,8,3.2975,5.6491
3,0.25,4,1.0212,4.5692
3,0.25,4,2.1695,6.3767
3,0.25,4,1.2589,5.4076
3,0.25,4,1.6184,6.9626
3,0.5,4,2.789,3.6715
3,0.5,4,3.4385,3.5761
3,0.5,4,2.0806,6.5071
3,0.5,4,3.1623,4.4902
3,0.71,4,2.789,6.2328
3,0.71,4,3.7388,6.4012
3,0.71,4,3.7388,4.6021
3,0.71,4,3.2975,4.3518
3,1,4,3.5855,4.3799
3,1,4,5.4496,4.0448
3,1,4,3.1623,2.6136
3,1,4,2.789,1.9123
3,1.41,4,5.2261,5.2606
3,1.41,4,4.6093,4.8718
3,1.41,4,3.8986,3.4402
3,1.41,4,3.8986,2.3582
3,2,4,7.3053,1.9047
3,2,4,4.8064,2.9392
3,2,4,5.2261,5.7094
3,2,4,3.7388,2.34
3,4,4,5.6826,5.382
3,4,4,4.4203,3.0416
3,4,4,6.443,4.8287
3,4,4,5.2261,2.4925
3,0.25,4,2.9083,3.3204
3,0.25,4,1.4274,5.0999
3,0.25,4,4.4203,2.2477
3,0.25,4,1.7598,3.6042
3,0.5,4,3.5855,3.6732
3,0.5,4,3.0326,4.6614
3,0.5,4,2.0806,3.2981
3,0.5,4,3.8986,4.5389
3,0.71,4,3.5855,2.338
3,0.71,4,3.2975,6.2948
3,0.71,4,3.2975,2.6176
3,0.71,4,3.7388,4.2372
3,1,4,3.5855,3.1257
3,1,4,2.6747,2.9291
3,1,4,3.5855,3.4838
3,1,4,3.7388,3.8083
3,1.41,4,5.0119,3.7283
3,1.41,4,3.5855,3.5456
3,1.41,4,4.2391,3.5727
3,1.41,4,4.0653,5.3213
3,2,4,3.5855,4.0286
3,2,4,2.4599,3.0738
3,2,4,3.5855,4.927
3,2,4,4.4203,3.6945
3,4,4,5.9255,1.0869
3,4,4,3.4385,8.7641
3,4,4,4.8064,6.0856
3,4,4,3.5855,5.703
3,0.25,8,2.0806,4.0765
3,0.25,8,2.2623,6.2364
3,0.25,8,1.9953,4.6465
3,0.25,8,2.789,5.7032
3,0.5,8,3.5855,4.2001
3,0.5,8,3.1623,2.4431
3,0.5,8,2.6747,4.7652
3,0.5,8,3.8986,6.9068
3,0.71,8,5.2261,2.9635
3,0.71,8,2.789,2.4763
3,0.71,8,3.7388,1.9187
3,0.71,8,3.2975,3.374
3,1,8,4.4203,1.1733
3,1,8,3.4385,2.0544
3,1,8,3.4385,4.6246
3,1,8,3.5855,2.1443
3,1.41,8,3.5855,4.0522
3,1.41,8,3.2975,1.9863
3,1.41,8,6.1789,3.7751
3,1.41,8,4.0653,2.6315
3,2,8,5.9255,3.0778
3,2,8,3.8986,2.7649
3,2,8,6.443,1.0109
3,2,8,5.0119,1.2067
3,4,8,4.8064,1.8315
3,4,8,6.443,7.6739
3,4,8,6.1789,3.4726
3,4,8,6.7185,4.2628
3,0.25,8,1.9953,4.7808
3,0.25,8,1.9953,4.933
3,0.25,8,2.565,2.2661
3,0.25,8,1.9953,2.2143
3,0.5,8,3.2975,3.1318
3,0.5,8,3.8986,5.4503
3,0.5,8,3.1623,5.3584
3,0.5,8,2.9083,2.4728
3,0.71,8,3.0326,5.8784
3,0.71,8,3.7388,3.6506
3,0.71,8,3.2975,3.9077
3,0.71,8,3.4385,2.6675
3,1,8,2.9083,3.8169
3,1,8,3.1623,2.923
3,1,8,4.8064,4.3545
3,1,8,4.4203,3.3949
3,1.41,8,3.0326,2.6465
3,1.41,8,4.0653,3.1475
3,1.41,8,3.8986,2.5052
3,1.41,8,3.5855,2.641
3,2,8,3.5855,4.1117
3,2,8,3.1623,3.2999
3,2,8,5.0119,3.8623
3,2,8,5.2261,3.1762
3,4,8,4.6093,5.3881
3,4,8,4.2391,9.1286
3,4,8,5.9255,3.9762
3,4,8,3.2975,7.953
4,0.25,4,0.82829,8.4707
4,0.25,4,3.2975,7.5469
4,0.25,4,1.9135,7.6031
4,0.25,4,3.0326,21.5333
4,0.5,4,3.0326,6.4412
4,0.5,4,4.4203,6.6399
4,0.5,4,3.5855,7.2578
4,0.5,4,3.7388,6.4019
4,0.71,4,3.0326,7.3217
4,0.71,4,3.5855,3.9117
4,0.71,4,4.0653,6.1256
4,0.71,4,3.4385,6.4196
4,1,4,4.2391,4.3039
4,1,4,5.2261,5.6473
4,1,4,3.8986,3.8164
4,1,4,4.4203,3.5779
4,1.41,4,6.1789,7.7592
4,1.41,4,5.0119,4.8954
4,1.41,4,4.4203,1.8665
4,1.41,4,4.8064,3.1682
4,2,4,6.443,11.8046
4,2,4,4.6093,3.0366
4,2,4,5.0119,5.0589
4,2,4,5.2261,2.6737
4,4,4,5.2261,11.8367
4,4,4,4.8064,4.8888
4,4,4,4.8064,5.9874
4,4,4,5.2261,11.2013
4,0.25,4,10.6481,6.6868
4,0.25,4,2.789,5.0517
4,0.25,4,7.0057,3.5428
4,0.25,4,3.8986,4.2543
4,0.5,4,10.2115,10.9584
4,0.5,4,2.9083,2.1619
4,0.5,4,2.6747,2.3472
4,0.5,4,3.8986,7.9292
4,0.71,4,3.8986,3.0107
4,0.71,4,3.8986,3.6415
4,0.71,4,3.5855,2.5632
4,0.71,4,5.9255,5.0884
4,1,4,3.2975,1.8722
4,1,4,3.2975,2.3833
4,1,4,4.0653,5.2065
4,1,4,7.3053,3.1633
4,1.41,4,3.5855,16.6741
4,1.41,4,4.8064,4.0529
4,1.41,4,5.0119,3.6247
4,1.41,4,5.2261,3.9513
4,2,4,3.5855,2.3264
4,2,4,3.2975,2.0387
4,2,4,5.4496,6.8587
4,2,4,7.0057,8.1512
4,4,4,7.6176,2.5426
4,4,4,7.3053,3.6581
4,4,4,5.4496,5.1181
4,4,4,5.0119,4.6568
4,0.25,8,3.4385,14.5942
4,0.25,8,5.4496,5.3305
4,0.25,8,3.0326,4.2385
4,0.25,8,2.789,4.1786
4,0.5,8,3.7388,4.5323
4,0.5,8,3.2975,4.3265
4,0.5,8,2.565,3.9538
4,0.5,8,3.1623,2.9359
4,0.71,8,3.7388,5.7378
4,0.71,8,2.1695,7.4843
4,0.71,8,3.8986,4.1104
4,0.71,8,3.1623,1.829
4,1,8,4.2391,3.3124
4,1,8,3.5855,3.8216
4,1,8,4.4203,3.0031
4,1,8,2.4599,4.2305
4,1.41,8,4.4203,6.2738
4,1.41,8,5.4496,4.2313
4,1.41,8,3.0326,3.0957
4,1.41,8,4.6093,6.0528
4,2,8,5.2261,5.2635
4,2,8,5.0119,4.2226
4,2,8,3.2975,3.4148
4,2,8,4.2391,5.1169
4,4,8,7.0057,3.4756
4,4,8,3.7388,6.7633
4,4,8,4.6093,2.9318
4,4,8,3.4385,5.5632
4,0.25,8,3.4385,14.5942
4,0.25,8,5.4496,5.3305
4,0.25,8,3.0326,4.2385
4,0.25,8,2.789,4.1786
4,0.5,8,3.7388,4.5323
4,0.5,8,3.2975,4.3265
4,0.5,8,2.565,3.9538
4,0.5,8,3.1623,2.9359
4,0.71,8,3.7388,5.7378
4,0.71,8,2.1695,7.4843
4,0.71,8,3.8986,4.1104
4,0.71,8,3.1623,1.829
4,1,8,4.2391,3.3124
4,1,8,3.5855,3.8216
4,1,8,4.4203,3.0031
4,1,8,2.4599,4.2305
4,1.41,8,4.4203,6.2738
4,1.41,8,5.4496,4.2313
4,1.41,8,3.0326,3.0957
4,1.41,8,4.6093,6.0528
4,2,8,5.2261,5.2635
4,2,8,5.0119,4.2226
4,2,8,3.2975,3.4148
4,2,8,4.2391,5.1169
4,4,8,7.0057,3.4756
4,4,8,3.7388,6.7633
4,4,8,4.6093,2.9318
4,4,8,3.4385,5.5632
5,0.25,4,0.79433,2.4089
5,0.25,4,0.76176,17.0021
5,0.25,4,0.82829,2.3604
5,0.25,4,6.7185,6.6887
5,0.5,4,4.0653,4.3676
5,0.5,4,3.0326,2.2798
5,0.5,4,3.4385,3.3123
5,0.5,4,4.0653,4.3443
5,0.71,4,3.7388,2.9644
5,0.71,4,4.4203,3.0991
5,0.71,4,2.565,4.2436
5,0.71,4,4.6093,2.8506
5,1,4,7.0057,3.0492
5,1,4,5.4496,5.5094
5,1,4,4.2391,3.0518
5,1,4,4.2391,4.6036
5,1.41,4,7.3053,2.5282
5,1.41,4,6.1789,4.0415
5,1.41,4,4.4203,3.0147
5,1.41,4,5.2261,3.0451
5,2,4,5.9255,5.296
5,2,4,5.2261,7.0104
5,2,4,4.4203,3.1593
5,2,4,5.6826,4.5887
5,4,4,8.637,4.1328
5,4,4,5.9255,3.9466
5,4,4,6.443,4.7924
5,4,4,5.9255,3.2385
5,0.25,4,2.4599,6.5258
5,0.25,4,2.6747,2.8908
5,0.25,4,4.2391,6.3001
5,0.25,4,2.789,5.6979
5,0.5,4,3.2975,4.241
5,0.5,4,3.7388,5.2587
5,0.5,4,3.1623,5.8408
5,0.5,4,3.5855,2.8434
5,0.71,4,2.1695,2.9955
5,0.71,4,4.8064,2.9283
5,0.71,4,3.1623,5.6514
5,0.71,4,3.5855,4.3667
5,1,4,3.8986,3.8522
5,1,4,4.6093,2.8696
5,1,4,3.1623,4.5613
5,1,4,3.7388,2.803
5,1.41,4,3.7388,2.7712
5,1.41,4,4.0653,3.2013
5,1.41,4,4.4203,2.1965
5,1.41,4,3.8986,3.784
5,2,4,4.2391,4.2212
5,2,4,3.8986,2.1549
5,2,4,4.6093,3.3435
5,2,4,3.0326,4.5182
5,4,4,5.2261,5.42
5,4,4,2.789,6.3583
5,4,4,4.6093,3.2974
5,4,4,4.4203,5.2402
5,0.25,8,2.0806,4.4056
5,0.25,8,2.2623,1.8496
5,0.25,8,2.1695,2.9065
5,0.25,8,3.2975,2.7686
5,0.5,8,3.7388,4.1582
5,0.5,8,5.6826,4.7002
5,0.5,8,5.2261,3.3704
5,0.5,8,5.0119,2.8143
5,0.71,8,3.7388,2.0141
5,0.71,8,4.0653,3.07
5,0.71,8,3.4385,6.4424
5,0.71,8,3.8986,4.2425
5,1,8,5.4496,1.9456
5,1,8,5.2261,2.8288
5,1,8,4.6093,2.7514
5,1,8,3.2975,3.0305
5,1.41,8,4.0653,2.4699
5,1.41,8,5.2261,1.8401
5,1.41,8,6.1789,4.4171
5,1.41,8,4.4203,3.7663
5,2,8,7.0057,2.8882
5,2,8,5.0119,4.3117
5,2,8,5.9255,2.2203
5,2,8,4.6093,5.3164
5,4,8,5.2261,5.4966
5,4,8,5.0119,4.18
5,4,8,4.4203,5.1873
5,4,8,5.4496,4.4643
5,0.25,8,2.6747,4.5997
5,0.25,8,2.565,3.9813
5,0.25,8,3.7388,9.8678
5,0.25,8,2.565,7.4814
5,0.5,8,3.7388,3.4674
5,0.5,8,5.9255,5.71
5,0.5,8,4.2391,4.3772
5,0.5,8,3.8986,3.4432
5,0.71,8,2.359,2.2011
5,0.71,8,3.1623,2.8476
5,0.71,8,3.5855,4.6056
5,0.71,8,4.0653,2.9924
5,1,8,4.0653,6.0821
5,1,8,4.4203,4.8014
5,1,8,3.8986,5.3046
5,1,8,2.9083,5.5363
5,1.41,8,3.2975,2.7978
5,1.41,8,4.0653,2.6183
5,1.41,8,4.2391,3.8627
5,1.41,8,4.0653,4.1989
5,2,8,3.2975,5.6226
5,2,8,3.5855,4.736
5,2,8,4.0653,4.6153
5,2,8,4.4203,4.5685
5,4,8,8.637,9.4908
5,4,8,4.8064,1.2296
5,4,8,7.0057,2.4956
5,4,8,4.4203,5.3162
6,0.25,4,1.0648,3.537
6,0.25,4,0.56826,8.3357
6,0.25,4,1.1578,0.97616
6,0.25,4,1.0212,0.88498
6,0.5,4,3.4385,5.3412
6,0.5,4,3.7388,4.3729
6,0.5,4,3.4385,5.27
6,0.5,4,1.9953,1.3074
6,0.71,4,3.4385,4.2541
6,0.71,4,2.789,3.1364
6,0.71,4,4.0653,2.6312
6,0.71,4,3.5855,4.5903
6,1,4,3.7388,3.6108
6,1,4,3.0326,4.231
6,1,4,3.2975,5.0492
6,1,4,4.2391,3.8357
6,1.41,4,5.2261,2.7008
6,1.41,4,5.0119,3.7637
6,1.41,4,5.9255,4.1994
6,1.41,4,3.8986,6.5162
6,2,4,5.9255,5.2813
6,2,4,4.8064,4.2626
6,2,4,4.8064,5.9272
6,2,4,6.1789,5.5011
6,4,4,5.0119,5.6706
6,4,4,5.4496,7.9778
6,4,4,5.0119,6.1496
6,4,4,4.4203,5.9137
6,0.25,4,0.52261,0.69868
6,0.25,4,1.835,3.5664
6,0.25,4,1.3127,3.9288
6,0.25,4,0.6443,0.80642
6,0.5,4,2.565,1.7909
6,0.5,4,1.5521,3.5148
6,0.5,4,1.9953,2.4724
6,0.5,4,3.1623,3.64
6,0.71,4,3.4385,3.5458
6,0.71,4,3.4385,3.2023
6,0.71,4,3.4385,2.7486
6,0.71,4,3.5855,3.6348
6,1,4,3.7388,3.3552
6,1,4,5.9255,3.9604
6,1,4,4.4203,0.83561
6,1,4,5.9255,1.5208
6,1.41,4,5.6826,0.82941
6,1.41,4,4.6093,3.5231
6,1.41,4,4.0653,1.7931
6,1.41,4,5.0119,3.0142
6,2,4,4.0653,1.8774
6,2,4,6.7185,3.1378
6,2,4,4.6093,3.6919
6,2,4,4.4203,2.7976
6,4,4,9.0063,4.8528
6,4,4,6.7185,4.152
6,4,4,4.8064,3.7475
6,4,4,5.6826,2.9409
6,0.25,8,2.359,5.181
6,0.25,8,1.2073,4.9294
6,0.25,8,0.76176,3.9134
6,0.25,8,0.59255,4.9326
6,0.5,8,1.9953,2.8112
6,0.5,8,3.1623,0.98946
6,0.5,8,2.2623,1.9585
6,0.5,8,1.835,2.0974
6,0.71,8,2.359,5.709
6,0.71,8,3.2975,0.84018
6,0.71,8,6.443,2.1562
6,0.71,8,5.0119,2.0143
6,1,8,2.789,2.957
6,1,8,2.789,2.0817
6,1,8,5.2261,5.0504
6,1,8,3.0326,3.6556
6,1.41,8,3.5855,3.9738
6,1.41,8,4.4203,5.2353
6,1.41,8,4.0653,8.7005
6,1.41,8,5.6826,3.6622
6,2,8,3.2975,3.481
6,2,8,3.1623,3.217
6,2,8,4.6093,3.6695
6,2,8,3.7388,1.7282
6,4,8,4.0653,4.6084
6,4,8,7.3053,2.4722
6,4,8,5.2261,5.0632
6,4,8,4.4203,4.5245
6,0.25,8,1.5521,4.5379
6,0.25,8,1.9953,5.443
6,0.25,8,1.835,6.0012
6,0.25,8,1.6876,1.6689
6,0.5,8,2.6747,2.7341
6,0.5,8,2.0806,1.6355
6,0.5,8,3.7388,3.8632
6,0.5,8,2.2623,5.5492
6,0.71,8,2.9083,3.144
6,0.71,8,2.565,2.7123
6,0.71,8,2.789,1.9929
6,0.71,8,3.1623,2.2575
6,1,8,3.2975,1.4908
6,1,8,4.8064,0.85197
6,1,8,3.5855,1.6447
6,1,8,4.0653,3.1415
6,1.41,8,5.2261,3.6397
6,1.41,8,4.4203,4.5493
6,1.41,8,4.4203,2.8697
6,1.41,8,2.9083,1.4935
6,2,8,3.4385,2.742
6,2,8,3.5855,3.255
6,2,8,4.6093,2.5095
6,2,8,3.4385,5.8578
6,4,8,4.4203,8.3471
6,4,8,3.4385,3.148
6,4,8,5.4496,2.9423
6,4,8,6.7185,1.755
7,0.25,4,0.70057,6.8925
7,0.25,4,1.1578,6.1037
7,0.25,4,1.2073,3.4592
7,0.25,4,1.0212,6.0524
7,0.5,4,3.2975,2.8567
7,0.5,4,4.6093,3.8094
7,0.5,4,2.359,6.0034
7,0.5,4,4.4203,5.0521
7,0.71,4,2.565,4.0892
7,0.71,4,4.2391,4.116
7,0.71,4,4.0653,4.7839
7,0.71,4,5.6826,3.8676
7,1,4,4.0653,3.7295
7,1,4,7.3053,3.164
7,1,4,4.4203,3.7787
7,1,4,5.6826,4.4527
7,1.41,4,5.9255,4.9473
7,1.41,4,6.1789,4.875
7,1.41,4,4.2391,4.9256
7,1.41,4,5.6826,5.8334
7,2,4,8.637,5.6364
7,2,4,5.2261,2.2481
7,2,4,5.2261,4.5197
7,2,4,5.6826,4.7883
7,4,4,5.4496,4.336
7,4,4,6.1789,2.8923
7,4,4,6.1789,5.6284
7,4,4,7.3053,1.8161
7,0.25,4,0.97928,4.7344
7,0.25,4,0.50119,1.753
7,0.25,4,0.54496,2.2897
7,0.25,4,0.82829,4.3367
7,0.5,4,7.3053,3.974
7,0.5,4,3.8986,3.4115
7,0.5,4,2.359,3.0179
7,0.5,4,5.9255,2.9738
7,0.71,4,5.2261,2.2907
7,0.71,4,3.1623,1.3625
7,0.71,4,4.6093,3.6214
7,0.71,4,5.6826,4.7062
7,1,4,5.0119,2.626
7,1,4,4.4203,2.5192
7,1,4,4.2391,3.2098
7,1,4,5.4496,2.8847
7,1.41,4,5.0119,3.7844
7,1.41,4,4.6093,2.9921
7,1.41,4,4.0653,1.9311
7,1.41,4,6.443,3.0628
7,2,4,4.6093,4.4763
7,2,4,4.8064,2.4014
7,2,4,5.2261,4.6618
7,2,4,5.0119,3.7655
7,4,4,6.1789,5.2361
7,4,4,7.6176,4.6995
7,4,4,7.6176,4.493
7,4,4,7.0057,2.8478
7,0.25,8,0.50119,7.2537
7,0.25,8,1.7598,3.0704
7,0.25,8,2.565,1.819
7,0.25,8,2.2623,3.3307
7,0.5,8,6.443,2.4855
7,0.5,8,4.6093,3.5654
7,0.5,8,4.6093,5.3729
7,0.5,8,3.0326,1.7375
7,0.71,8,6.443,3.3327
7,0.71,8,8.637,2.2094
7,0.71,8,2.4599,4.709
7,0.71,8,3.0326,2.3926
7,1,8,4.0653,1.9173
7,1,8,6.443,3.1005
7,1,8,4.8064,2.3511
7,1,8,4.4203,4.6181
7,1.41,8,4.6093,1.5261
7,1.41,8,7.3053,2.2076
7,1.41,8,5.4496,5.2272
7,1.41,8,13.6887,1.7738
7,2,8,7.9433,2.5512
7,2,8,5.9255,3.9928
7,2,8,5.4496,5.4286
7,2,8,7.3053,1.7951
7,4,8,8.2829,1.917
7,4,8,7.0057,3.879
7,4,8,6.7185,2.8171
7,4,8,7.0057,3.6121
7,0.25,8,0.50119,7.2537
7,0.25,8,1.7598,3.0704
7,0.25,8,2.565,1.819
7,0.25,8,2.2623,3.3307
7,0.5,8,6.443,2.4855
7,0.5,8,4.6093,3.5654
7,0.5,8,4.6093,5.3729
7,0.5,8,3.0326,1.7375
7,0.71,8,6.443,3.3327
7,0.71,8,8.637,2.2094
7,0.71,8,2.4599,4.709
7,0.71,8,3.0326,2.3926
7,1,8,4.0653,1.9173
7,1,8,6.443,3.1005
7,1,8,4.8064,2.3511
7,1,8,4.4203,4.6181
7,1.41,8,4.6093,1.5261
7,1.41,8,7.3053,2.2076
7,1.41,8,5.4496,5.2272
7,1.41,8,13.6887,1.7738
7,2,8,7.9433,2.5512
7,2,8,5.9255,3.9928
7,2,8,5.4496,5.4286
7,2,8,7.3053,1.7951
7,4,8,8.2829,1.917
7,4,8,7.0057,3.879
7,4,8,6.7185,2.8171
7,4,8,7.0057,3.6121
8,0.25,4,4.2391,5.0653
8,0.25,4,4.0653,6.8933
8,0.25,4,4.4203,6.7148
8,0.25,4,4.4203,7.6676
8,0.5,4,4.0653,8.6478
8,0.5,4,3.8986,7.984
8,0.5,4,3.8986,7.2779
8,0.5,4,2.0806,9.874
8,0.71,4,4.4203,2.8197
8,0.71,4,4.2391,4.8465
8,0.71,4,3.7388,5.1033
8,0.71,4,4.4203,5.0334
8,1,4,4.8064,4.1685
8,1,4,4.0653,4.2932
8,1,4,3.7388,5.7043
8,1,4,4.0653,2.5283
8,1.41,4,3.5855,6.2835
8,1.41,4,3.4385,5.3568
8,1.41,4,4.4203,3.8052
8,1.41,4,4.6093,6.4889
8,2,4,3.5855,11.0342
8,2,4,4.4203,6.8395
8,2,4,3.7388,5.9124
8,2,4,4.2391,4.2414
8,4,4,4.4203,5.749
8,4,4,4.2391,4.9773
8,4,4,3.7388,6.2296
8,4,4,4.0653,7.5506
8,0.25,4,4.0653,5.6973
8,0.25,4,3.1623,2.2023
8,0.25,4,1.835,3.4098
8,0.25,4,4.2391,2.3174
8,0.5,4,4.0653,4.1927
8,0.5,4,3.1623,3.5185
8,0.5,4,5.0119,3.7888
8,0.5,4,3.2975,4.4002
8,0.71,4,3.4385,4.0015
8,0.71,4,4.2391,4.7819
8,0.71,4,4.0653,6.1202
8,0.71,4,4.6093,6.0859
8,1,4,5.2261,5.3358
8,1,4,5.0119,4.3928
8,1,4,4.6093,5.6207
8,1,4,3.1623,1.7938
8,1.41,4,3.4385,1.9087
8,1.41,4,4.0653,1.5487
8,1.41,4,4.4203,3.7279
8,1.41,4,4.4203,6.8573
8,2,4,5.0119,4.0501
8,2,4,5.2261,1.7347
8,2,4,5.0119,3.3914
8,2,4,4.8064,5.4063
8,4,4,4.6093,4.2127
8,4,4,5.6826,8.4151
8,4,4,4.6093,6.0507
8,4,4,4.6093,2.612
8,0.25,8,3.1623,4.7053
8,0.25,8,2.6747,2.4012
8,0.25,8,4.2391,6.1669
8,0.25,8,3.7388,6.1517
8,0.5,8,3.4385,4.2513
8,0.5,8,3.1623,5.2289
8,0.5,8,5.0119,3.2443
8,0.5,8,4.4203,3.9646
8,0.71,8,3.1623,4.6258
8,0.71,8,3.5855,6.3833
8,0.71,8,3.5855,3.3965
8,0.71,8,5.6826,7.1481
8,1,8,4.6093,4.3338
8,1,8,5.0119,6.5664
8,1,8,4.2391,2.9436
8,1,8,4.4203,2.5799
8,1.41,8,4.0653,3.0546
8,1.41,8,3.2975,2.6232
8,1.41,8,3.4385,3.9884
8,1.41,8,5.9255,5.5959
8,2,8,3.7388,4.9089
8,2,8,4.2391,4.7616
8,2,8,4.6093,4.4903
8,2,8,6.443,3.9287
8,4,8,3.1623,6.8415
8,4,8,4.6093,6.3413
8,4,8,5.9255,2.9495
8,4,8,4.6093,4.5268
8,0.25,8,3.2975,2.8436
8,0.25,8,4.0653,3.2375
8,0.25,8,3.7388,5.9235
8,0.25,8,5.0119,5.5216
8,0.5,8,5.0119,3.8213
8,0.5,8,4.2391,2.5911
8,0.5,8,2.0806,2.0166
8,0.5,8,4.0653,3.7265
8,0.71,8,4.6093,2.0951
8,0.71,8,4.4203,2.2856
8,0.71,8,4.6093,3.3081
8,0.71,8,4.0653,4.7085
8,1,8,4.6093,3.434
8,1,8,3.8986,3.6947
8,1,8,3.7388,5.9201
8,1,8,4.8064,3.1396
8,1.41,8,4.0653,2.4724
8,1.41,8,5.4496,1.5292
8,1.41,8,5.2261,6.9874
8,1.41,8,3.5855,4.4574
8,2,8,3.8986,3.3167
8,2,8,4.0653,1.4793
8,2,8,4.0653,5.3088
8,2,8,6.1789,3.1886
8,4,8,5.2261,5.9073
8,4,8,5.2261,1.1438
8,4,8,7.0057,6.4531
8,4,8,5.9255,6.499
